{
    "aXerr": 0.03252075,
    "aYerr": 0.001260986,
    "aZerr": -0.03212547,
    "gXerr": -1.14307,
    "gYerr": -0.0766717,
    "gZerr": 0.7535422
}